M52,M42,M34,M64,M81,M43,M26,M59,M16,,,,,,,,,,,,
M77,M14,M15,M21,M97,M82,M12,,,,,,,,,,,,,,
M18,M93,M51,M36,M49,,,,,,,,,,,,,,,,
M77,M56,M14,M24,M3,M95,,,,,,,,,,,,,,,
M93,M0,M95,M1,M27,M2,M17,,,,,,,,,,,,,,
M33,M6,M58,M21,M89,,,,,,,,,,,,,,,,
M25,M99,M72,M10,M47,,,,,,,,,,,,,,,,
M0,M6,M1,M21,M57,M47,,,,,,,,,,,,,,,
M74,M55,M23,M28,M80,M66,,,,,,,,,,,,,,,
M98,M22,M6,M13,M42,M83,M92,M79,M71,M84,,,,,,,,,,,
M18,M33,M4,M7,M85,M34,M30,M64,M59,,,,,,,,,,,,
M33,M51,M24,M11,M95,M79,M97,M54,M10,M87,,,,,,,,,,,
M77,M18,M98,M75,M70,M36,M38,M57,M60,,,,,,,,,,,,
M45,M35,M8,M57,M80,M66,,,,,,,,,,,,,,,
M75,M14,M46,M59,M10,,,,,,,,,,,,,,,,
M77,M98,M75,M35,M73,M22,M46,M79,M29,M71,M2,M81,,,,,,,,,
M77,M98,M51,M35,M73,M79,M29,M2,M30,M10,,,,,,,,,,,
M25,M45,M70,M8,M41,M65,M5,M15,M34,M63,M96,,,,,,,,,,
M18,M56,M33,M22,M61,M15,M64,M91,M17,M20,,,,,,,,,,,
M76,M90,M55,M64,M82,,,,,,,,,,,,,,,,
M77,M93,M14,M35,M22,M7,M6,M69,M9,M50,M27,M91,M23,M78,M12,,,,,,
M4,M6,M41,M9,M29,M91,M17,,,,,,,,,,,,,,
M33,M45,M58,M24,M94,M50,M29,M54,,,,,,,,,,,,,
M77,M35,M73,M6,M69,M1,M27,M29,M12,,,,,,,,,,,,
M93,M14,M7,M58,M24,M67,M11,M32,M5,M49,M27,M37,M72,M60,,,,,,,
M35,M94,M9,M32,M15,M81,M63,M72,M53,M87,,,,,,,,,,,
M6,M67,M90,M81,M82,M23,M31,,,,,,,,,,,,,,
M0,M94,M46,M19,M83,M97,M84,,,,,,,,,,,,,,
M8,M83,M34,M44,M62,,,,,,,,,,,,,,,,
M52,M77,M56,M93,M25,M35,M6,M69,M46,M41,M42,M61,M99,M5,M21,M71,M12,M62,,,
M22,M9,M50,M49,M43,M44,,,,,,,,,,,,,,,
M93,M0,M74,M51,M24,M19,M43,M72,M59,M47,M66,,,,,,,,,,
M76,M24,M90,M1,M83,M27,M37,M91,M38,M72,M10,,,,,,,,,,
M98,M69,M46,M13,M5,M28,M54,,,,,,,,,,,,,,
M98,M70,M22,M46,M13,M11,M1,M89,M2,M63,M31,M87,,,,,,,,,
M74,M42,M99,M55,M97,M30,M68,,,,,,,,,,,,,,
M18,M25,M51,M45,M73,M67,M85,M32,M61,M99,M83,M21,M89,M64,M84,M38,M44,M57,,,
M56,M75,M88,M38,M10,,,,,,,,,,,,,,,,
M35,M9,M65,M61,M95,M55,M30,M28,,,,,,,,,,,,,
M93,M42,M32,M81,M43,M28,M59,M96,,,,,,,,,,,,,
M56,M4,M46,M65,M3,M95,M5,M54,,,,,,,,,,,,,
M0,M88,M3,M48,M55,M50,M21,M27,M23,M26,M44,,,,,,,,,,
M98,M13,M65,M48,M61,M68,M63,M78,M59,M16,,,,,,,,,,,
M99,M15,M71,M89,M43,,,,,,,,,,,,,,,,
M18,M45,M76,M95,M97,M91,,,,,,,,,,,,,,,
M22,M9,M55,M1,M84,M37,M57,,,,,,,,,,,,,,
M76,M8,M50,M49,M64,M10,,,,,,,,,,,,,,,
M45,M14,M6,M8,M41,M11,M61,M1,M15,M83,M79,M43,M63,M17,,,,,,,
M36,M29,M71,M89,M84,M17,M12,,,,,,,,,,,,,,
M0,M70,M8,M55,M50,M5,M23,M38,M57,,,,,,,,,,,,
M98,M73,M90,M88,M49,M30,M20,,,,,,,,,,,,,,
M94,M67,M85,M32,M61,M15,M82,M91,M78,M80,M10,,,,,,,,,,
M58,M55,M50,M83,M27,M84,M57,,,,,,,,,,,,,,
M75,M41,M1,M36,M21,M91,M59,,,,,,,,,,,,,,
M52,M8,M92,M17,M80,,,,,,,,,,,,,,,,
M56,M93,M51,M88,M50,M21,M92,M79,M27,M71,M68,M38,M60,M66,M20,,,,,,
M76,M50,M86,M43,M12,M62,,,,,,,,,,,,,,,
M90,M11,M5,M27,M84,,,,,,,,,,,,,,,,
M52,M22,M55,M21,M29,M43,,,,,,,,,,,,,,,
M6,M69,M11,M97,M30,,,,,,,,,,,,,,,,
M93,M98,M32,M5,M27,M34,M37,M17,M57,,,,,,,,,,,,
M18,M45,M70,M67,M8,M42,M32,M99,M15,M71,M84,M63,M38,M72,,,,,,,
M4,M45,M35,M61,M97,M89,M16,,,,,,,,,,,,,,
M19,M32,M55,M83,M2,,,,,,,,,,,,,,,,
M18,M33,M74,M22,M48,M30,M62,,,,,,,,,,,,,,
M0,M55,M97,M71,M64,M28,,,,,,,,,,,,,,,
M56,M0,M7,M65,M50,M92,M84,M68,M78,M60,M66,,,,,,,,,,
M4,M95,M15,M86,M81,M44,M16,M80,M96,M54,M66,,,,,,,,,,
M52,M56,M22,M8,M49,M68,M91,,,,,,,,,,,,,,
M8,M11,M92,M82,M16,,,,,,,,,,,,,,,,
M52,M14,M67,M61,M49,M2,M43,M72,M54,M20,,,,,,,,,,,
M52,M22,M46,M8,M1,M79,M89,M2,M40,M37,,,,,,,,,,,
M77,M70,M7,M84,M37,M57,M54,,,,,,,,,,,,,,
M51,M35,M46,M92,M63,M12,,,,,,,,,,,,,,,
M22,M55,M92,M91,M72,M96,M47,,,,,,,,,,,,,,
M42,M85,M3,M92,M89,M68,M23,M96,M66,M87,,,,,,,,,,,
M52,M77,M5,M68,M38,,,,,,,,,,,,,,,,
M56,M74,M51,M69,M67,M8,M95,M50,M15,M28,M62,,,,,,,,,,
M77,M45,M70,M24,M90,M13,M3,M15,M2,M26,,,,,,,,,,,
M56,M75,M14,M76,M6,M65,M3,M99,M15,M71,M23,M28,M78,M59,,,,,,,
M58,M24,M15,M21,M17,,,,,,,,,,,,,,,,
M98,M48,M1,M63,M44,M10,,,,,,,,,,,,,,,
M6,M67,M46,M41,M9,M11,M95,M2,M17,M12,,,,,,,,,,,
M18,M67,M32,M49,M2,M30,M84,M38,M31,M53,,,,,,,,,,,
M19,M15,M2,M63,M72,,,,,,,,,,,,,,,,
M98,M7,M90,M27,M28,M78,M59,M47,,,,,,,,,,,,,
M45,M61,M97,M82,M28,M44,M16,,,,,,,,,,,,,,
M75,M73,M15,M26,M57,,,,,,,,,,,,,,,,
M56,M76,M24,M8,M37,M62,,,,,,,,,,,,,,,
M73,M9,M65,M3,M81,M40,M26,M16,M80,M10,,,,,,,,,,,
M74,M35,M88,M28,M59,M96,,,,,,,,,,,,,,,
M65,M72,M54,M60,M87,,,,,,,,,,,,,,,,
M52,M51,M35,M67,M9,M30,M60,,,,,,,,,,,,,,
M67,M99,M50,M86,M29,M43,M10,,,,,,,,,,,,,,
M0,M74,M75,M24,M90,M55,M50,M27,M23,M59,M47,M87,,,,,,,,,
M77,M98,M14,M94,M79,M29,M2,M38,M78,M66,M87,,,,,,,,,,
M25,M35,M6,M9,M13,M95,M83,M97,M30,M84,M28,M62,M80,M66,M53,,,,,,
M70,M88,M65,M3,M29,M37,M17,M44,M60,M47,M87,,,,,,,,,,
M56,M25,M50,M49,M92,M86,M68,M54,M60,M20,,,,,,,,,,,
M4,M24,M94,M90,M23,M31,M57,M39,,,,,,,,,,,,,
M42,M65,M79,M43,M78,,,,,,,,,,,,,,,,
M52,M25,M73,M9,M88,M65,M3,M79,M82,M37,M31,M16,M66,,,,,,,,
M56,M73,M22,M46,M41,M1,M89,M2,M63,,,,,,,,,,,,
M52,M93,M45,M22,M7,M29,M30,M37,M38,M62,,,,,,,,,,,
M74,M45,M55,M1,M54,,,,,,,,,,,,,,,,
M32,M99,M95,M83,M30,M40,M91,M87,,,,,,,,,,,,,
M56,M33,M90,M65,M21,M86,M38,M78,,,,,,,,,,,,,
M18,M32,M3,M61,M79,M40,M10,,,,,,,,,,,,,,
M74,M8,M61,M99,M49,M82,M60,M10,,,,,,,,,,,,,
M50,M49,M91,M78,M59,,,,,,,,,,,,,,,,
M70,M76,M6,M13,M26,M54,M53,,,,,,,,,,,,,,
M18,M61,M99,M83,M92,M86,M34,,,,,,,,,,,,,,
M13,M61,M15,M83,M34,M68,M40,M53,M20,,,,,,,,,,,,
M18,M93,M75,M6,M8,M65,,,,,,,,,,,,,,,
M6,M11,M42,M36,M97,M23,M26,M44,,,,,,,,,,,,,
M14,M58,M90,M1,M91,M20,,,,,,,,,,,,,,,
M51,M14,M13,M21,M71,M82,M91,,,,,,,,,,,,,,
M77,M35,M7,M6,M69,M67,M50,M40,M63,M12,M66,,,,,,,,,,
M46,M92,M68,M26,M10,,,,,,,,,,,,,,,,
M77,M46,M84,M28,M80,,,,,,,,,,,,,,,,
M74,M24,M42,M88,M3,M5,M49,M92,M2,M68,M63,M78,M66,M87,,,,,,,
M70,M6,M69,M94,M88,M27,M71,M38,M44,M31,M10,,,,,,,,,,
M0,M74,M51,M45,M73,M70,M8,M41,M88,M95,M15,M71,M89,M2,M84,M37,M44,M72,M10,M47,M87
M0,M74,M4,M51,M94,M41,M37,M72,M47,,,,,,,,,,,,
M77,M73,M58,M90,M27,M31,M20,,,,,,,,,,,,,,
M93,M98,M3,M2,M30,,,,,,,,,,,,,,,,
M18,M0,M75,M6,M67,M32,M55,M86,M84,M23,M38,M31,,,,,,,,,
M18,M25,M24,M19,M49,M30,M37,M63,M28,M80,M60,M66,,,,,,,,,
M90,M88,M99,M83,M27,M66,,,,,,,,,,,,,,,
M76,M65,M71,M81,M78,M31,,,,,,,,,,,,,,,
M52,M74,M14,M67,M84,M44,M62,,,,,,,,,,,,,,
M56,M35,M3,M61,M15,M30,M64,M78,M59,M87,,,,,,,,,,,
M56,M25,M14,M70,M22,M67,M9,M13,M3,M99,M15,M27,M30,M91,M28,M78,M59,M57,M80,M47,M66
M74,M8,M42,M48,M95,M36,M30,M84,M81,M43,M60,,,,,,,,,,
M93,M22,M79,M82,M54,,,,,,,,,,,,,,,,
M14,M8,M50,M30,M12,,,,,,,,,,,,,,,,
M51,M35,M41,M48,M84,M31,M59,M16,M80,M87,,,,,,,,,,,
M93,M4,M45,M73,M69,M19,M29,M97,M38,M62,M60,,,,,,,,,,
M77,M70,M3,M95,M55,M29,M63,M31,M62,M47,,,,,,,,,,,
M93,M69,M42,M61,M91,M87,M20,,,,,,,,,,,,,,
M56,M74,M58,M24,M11,M55,M83,M2,M78,,,,,,,,,,,,
M56,M70,M24,M41,M3,M83,M29,M97,M34,M37,M31,M72,M10,M47,,,,,,,
M98,M2,M31,M54,M60,,,,,,,,,,,,,,,,
M93,M74,M14,M6,M94,M9,M11,M50,M2,M68,M17,,,,,,,,,,
M18,M25,M51,M13,M32,M61,M99,M21,M92,M43,M37,M96,,,,,,,,,
M98,M73,M7,M9,M90,M65,M3,M28,M26,M78,M16,M57,M66,,,,,,,,
M77,M18,M74,M98,M35,M24,M83,M34,M2,M30,M37,M63,M78,M72,M10,M53,M87,M20,,,
M51,M22,M8,M92,M68,M44,M31,M62,,,,,,,,,,,,,
M0,M98,M51,M6,M8,M11,M32,M48,M61,M43,M37,M17,,,,,,,,,
M56,M14,M46,M9,M55,M5,M2,M23,M31,,,,,,,,,,,,
M45,M76,M94,M8,M55,M27,M38,,,,,,,,,,,,,,
M32,M50,M83,M97,M2,M44,,,,,,,,,,,,,,,
M14,M22,M24,M94,M9,M95,M15,M92,M86,M27,M68,M91,M23,M17,M31,,,,,,
M93,M51,M22,M76,M46,M19,M11,M1,M89,M2,M68,M10,,,,,,,,,
M77,M7,M90,M48,M36,M37,,,,,,,,,,,,,,,
M42,M32,M68,M91,M72,,,,,,,,,,,,,,,,
M90,M3,M63,M38,M12,M31,M10,,,,,,,,,,,,,,
M52,M25,M5,M92,M86,M43,M60,M10,,,,,,,,,,,,,
M0,M51,M67,M3,M95,M37,M38,M10,M87,,,,,,,,,,,,
M4,M35,M11,M55,M87,,,,,,,,,,,,,,,,
M93,M6,M11,M3,M61,M15,M92,M84,M68,M43,M91,M28,M78,M17,M12,M57,M62,M66,M87,,
M98,M35,M69,M90,M61,M53,M20,,,,,,,,,,,,,,
M77,M25,M45,M73,M21,M81,M17,M62,,,,,,,,,,,,,
M85,M86,M34,M40,M72,M47,,,,,,,,,,,,,,,
M52,M18,M93,M32,M95,M55,M15,M86,M71,M96,M66,,,,,,,,,,
M56,M25,M95,M50,M92,M29,M30,M68,M57,M60,,,,,,,,,,,
M76,M69,M24,M49,M81,M28,,,,,,,,,,,,,,,
M18,M25,M4,M76,M41,M29,M20,,,,,,,,,,,,,,
M56,M51,M35,M94,M67,M32,M81,M91,M31,M62,,,,,,,,,,,
M22,M58,M95,M83,M37,M66,M87,,,,,,,,,,,,,,
M4,M69,M24,M3,M2,M62,M54,,,,,,,,,,,,,,
M93,M74,M70,M76,M5,M81,,,,,,,,,,,,,,,
M18,M33,M27,M64,M91,M28,M16,M57,,,,,,,,,,,,,
M51,M76,M79,M84,M31,M57,,,,,,,,,,,,,,,
M93,M98,M92,M29,M40,,,,,,,,,,,,,,,,
M74,M45,M95,M15,M86,M81,M28,M62,M87,,,,,,,,,,,,
M77,M5,M15,M86,M63,M44,,,,,,,,,,,,,,,
M77,M4,M45,M3,M15,M30,M84,M91,,,,,,,,,,,,,
M51,M70,M41,M13,M99,M15,M79,M86,M29,M2,M37,,,,,,,,,,
M52,M93,M94,M48,M15,M34,M82,M10,,,,,,,,,,,,,
M51,M41,M42,M5,M54,,,,,,,,,,,,,,,,
M6,M19,M11,M61,M99,M30,M43,M63,M28,M17,M57,,,,,,,,,,
M8,M41,M11,M5,M15,M40,M28,M62,M66,,,,,,,,,,,,
M77,M35,M7,M49,M79,M89,M80,,,,,,,,,,,,,,
M25,M0,M74,M4,M75,M70,M8,M95,M55,M50,M27,M23,,,,,,,,,
M18,M25,M67,M9,M32,M5,M84,M38,M78,M31,M16,M80,,,,,,,,,
M56,M32,M3,M61,M92,M68,M57,M10,M66,M87,,,,,,,,,,,
M45,M67,M83,M79,M43,M40,M78,,,,,,,,,,,,,,
M25,M22,M61,M99,M36,M83,M21,M84,M68,M17,M96,,,,,,,,,,
M18,M45,M35,M94,M89,,,,,,,,,,,,,,,,
M35,M46,M41,M15,M86,M40,M57,,,,,,,,,,,,,,
M52,M0,M74,M98,M51,M86,M30,M17,M72,M47,,,,,,,,,,,
M14,M73,M19,M26,M87,M20,,,,,,,,,,,,,,,
M77,M35,M7,M6,M69,M85,M82,M37,M63,M12,M59,,,,,,,,,,
M35,M69,M84,M91,M47,,,,,,,,,,,,,,,,
M25,M32,M86,M34,M62,,,,,,,,,,,,,,,,
M56,M55,M1,M79,M82,M72,,,,,,,,,,,,,,,
M25,M73,M6,M61,M37,,,,,,,,,,,,,,,,
M67,M19,M36,M5,M82,M12,M20,,,,,,,,,,,,,,
M0,M51,M58,M91,M54,,,,,,,,,,,,,,,,
M74,M11,M29,M38,M28,,,,,,,,,,,,,,,,
M56,M6,M94,M49,M21,M27,,,,,,,,,,,,,,,
M45,M7,M9,M2,M28,,,,,,,,,,,,,,,,
M61,M21,M79,M86,M28,M96,M53,,,,,,,,,,,,,,
M93,M46,M89,M68,M72,,,,,,,,,,,,,,,,
M45,M70,M24,M61,M15,M2,M43,M37,M38,,,,,,,,,,,,
M33,M76,M11,M40,M23,M31,M59,,,,,,,,,,,,,,
M13,M88,M1,M30,M10,M20,,,,,,,,,,,,,,,
M0,M45,M73,M5,M21,M89,M84,M44,M72,M80,,,,,,,,,,,
M98,M14,M69,M32,M64,M57,M62,,,,,,,,,,,,,,
M52,M77,M98,M13,M88,M48,M61,M99,M79,M29,M2,M68,M91,,,,,,,,
M3,M48,M61,M5,M80,,,,,,,,,,,,,,,,
M56,M33,M45,M95,M21,M64,M60,,,,,,,,,,,,,,
M75,M35,M24,M46,M68,M37,M23,M31,,,,,,,,,,,,,
M45,M76,M69,M94,M8,M9,M11,M99,M55,M1,M15,M71,M2,M64,M63,M23,M17,,,,
M9,M42,M88,M32,M92,M2,M91,,,,,,,,,,,,,,
M69,M41,M3,M50,M92,M64,M84,M68,M72,M47,M66,M87,,,,,,,,,
M73,M19,M65,M61,M89,M60,M10,,,,,,,,,,,,,,
M56,M55,M92,M64,M43,M10,,,,,,,,,,,,,,,
M4,M24,M83,M37,M38,M12,M72,M80,M10,M53,,,,,,,,,,,
M56,M7,M19,M89,M80,M47,M53,,,,,,,,,,,,,,
M58,M11,M88,M48,M2,M40,,,,,,,,,,,,,,,
M18,M0,M55,M1,M53,,,,,,,,,,,,,,,,
M14,M9,M48,M27,M30,M84,M17,M62,M60,M53,,,,,,,,,,,
M77,M98,M55,M83,M79,M29,M2,M81,M82,M63,M23,M62,,,,,,,,,
M33,M0,M14,M11,M48,M36,M2,M84,M16,M60,M53,,,,,,,,,,
M74,M45,M73,M99,M89,M84,M63,M78,M44,M47,,,,,,,,,,,
M98,M14,M9,M90,M61,M1,M49,M92,M72,,,,,,,,,,,,
M33,M51,M91,M80,M20,,,,,,,,,,,,,,,,
M73,M6,M46,M90,M11,M48,M61,M50,M43,M17,M12,M60,M53,M20,,,,,,,
M93,M45,M73,M46,M61,M15,M29,M84,M38,M78,M62,M96,,,,,,,,,
M88,M65,M32,M83,M2,M78,M31,,,,,,,,,,,,,,
M56,M93,M14,M22,M7,M9,M27,M37,M91,M38,,,,,,,,,,,
M75,M76,M8,M41,M44,M59,,,,,,,,,,,,,,,
M6,M46,M5,M57,M62,,,,,,,,,,,,,,,,
M14,M90,M88,M32,M1,M27,M71,M26,M10,M47,M20,,,,,,,,,,
M52,M73,M67,M64,M23,M26,M16,,,,,,,,,,,,,,
M45,M73,M9,M15,M79,M57,M87,,,,,,,,,,,,,,
M56,M76,M55,M50,M1,M92,M97,M71,M84,M68,M28,M60,M10,,,,,,,,
M18,M42,M32,M50,M36,M83,,,,,,,,,,,,,,,
M93,M98,M45,M14,M22,M58,M9,M32,M15,M27,M29,M71,M91,M38,M62,,,,,,
M70,M85,M32,M48,M1,M86,M78,,,,,,,,,,,,,,
M51,M95,M97,M34,M40,M17,M66,,,,,,,,,,,,,,
M93,M94,M32,M36,M5,M27,M71,M37,M12,M59,M62,M20,,,,,,,,,
M74,M58,M88,M3,M91,M66,,,,,,,,,,,,,,,
M73,M9,M11,M3,M79,M2,M68,M38,M17,M72,,,,,,,,,,,
M77,M51,M73,M88,M3,M15,M72,M59,M66,,,,,,,,,,,,
M18,M75,M7,M85,M1,M34,M23,M20,,,,,,,,,,,,,
M56,M33,M51,M46,M11,M78,,,,,,,,,,,,,,,
M74,M73,M70,M22,M9,M65,M3,M15,M2,M40,M37,M59,M16,M80,M66,,,,,,
M25,M73,M90,M13,M42,M27,M81,,,,,,,,,,,,,,
M93,M98,M46,M42,M32,M5,M27,M82,M37,M17,M60,,,,,,,,,,
M33,M14,M7,M40,M23,M28,M78,M16,M54,,,,,,,,,,,,
M69,M46,M41,M34,M30,M26,,,,,,,,,,,,,,,
M77,M18,M25,M9,M42,M32,M55,M49,M30,M28,M59,M80,M96,M66,,,,,,,
M77,M25,M83,M54,M20,,,,,,,,,,,,,,,,
M93,M8,M55,M1,M16,,,,,,,,,,,,,,,,
M14,M35,M22,M69,M29,M63,M72,M60,M53,M87,,,,,,,,,,,
M4,M46,M41,M50,M53,,,,,,,,,,,,,,,,
M74,M98,M70,M22,M46,M8,M61,M1,M15,M89,M2,M68,M54,M10,,,,,,,
M56,M25,M73,M6,M94,M55,M29,,,,,,,,,,,,,,
M56,M88,M5,M34,M30,M12,M54,,,,,,,,,,,,,,
M52,M93,M75,M32,M95,M5,M83,M92,M27,M37,M12,,,,,,,,,,
M52,M98,M45,M73,M67,M97,M12,M57,,,,,,,,,,,,,
M14,M11,M48,M49,M83,M27,M84,M60,M66,M53,,,,,,,,,,,
M33,M4,M6,M58,M67,M92,M86,M89,M38,,,,,,,,,,,,
M7,M94,M19,M65,M61,M1,M5,M82,M38,M10,,,,,,,,,,,
M45,M70,M13,M29,M17,M57,,,,,,,,,,,,,,,
M93,M45,M35,M73,M50,M5,M29,M63,M91,M38,M72,M62,M53,M87,,,,,,,
M56,M74,M76,M94,M68,,,,,,,,,,,,,,,,
M25,M4,M70,M30,M63,,,,,,,,,,,,,,,,
M75,M6,M58,M19,M66,,,,,,,,,,,,,,,,
M73,M76,M9,M65,M3,M99,M79,M68,M37,M16,,,,,,,,,,,
M45,M73,M6,M11,M65,M5,M89,M2,M64,M84,M44,M80,,,,,,,,,
M74,M35,M55,M36,M40,M37,M63,M38,M17,M72,M10,M53,M87,,,,,,,,
M52,M35,M88,M95,M97,M10,,,,,,,,,,,,,,,
M33,M74,M22,M58,M19,M79,M89,M84,,,,,,,,,,,,,
M52,M25,M14,M48,M50,M36,M84,M28,M60,M53,M87,,,,,,,,,,
M94,M15,M21,M27,M63,M44,M87,,,,,,,,,,,,,,
M56,M76,M6,M3,M99,M15,M21,M27,M71,M40,M23,M78,M59,M80,,,,,,,
M33,M0,M74,M51,M6,M21,M92,M79,M34,M71,M72,M47,,,,,,,,,
M70,M8,M65,M30,M12,M96,M54,,,,,,,,,,,,,,
M77,M18,M93,M98,M90,M99,M36,M82,M26,,,,,,,,,,,,
M18,M74,M98,M3,M61,M1,M2,M59,,,,,,,,,,,,,
M24,M11,M3,M83,M27,M29,M2,M64,M81,M37,M72,M10,,,,,,,,,
M69,M48,M92,M64,M12,M80,M53,,,,,,,,,,,,,,
M77,M0,M83,M27,M71,M43,,,,,,,,,,,,,,,
M33,M75,M24,M3,M92,M29,M38,M20,,,,,,,,,,,,,
M24,M41,M63,M91,M12,,,,,,,,,,,,,,,,
M18,M9,M1,M29,M97,M91,M72,M60,,,,,,,,,,,,,
M52,M33,M69,M27,M29,M84,M82,,,,,,,,,,,,,,
M56,M4,M51,M6,M67,M8,M13,M48,M83,M2,M64,M84,M59,M16,M80,M96,,,,,
M25,M79,M27,M29,M34,M89,M30,M28,M78,M80,M66,,,,,,,,,,
M45,M14,M76,M69,M48,M84,M78,M44,M59,M80,M60,M53,,,,,,,,,
M73,M6,M13,M65,M83,M27,M89,M84,M81,M78,M54,M60,,,,,,,,,
M77,M74,M98,M4,M8,M61,M5,M49,,,,,,,,,,,,,
M51,M76,M99,M71,M40,M23,M17,M96,M53,,,,,,,,,,,,
M19,M92,M91,M28,M80,M54,M47,,,,,,,,,,,,,,
M56,M33,M58,M24,M19,M3,M15,M89,M64,M91,M78,M59,,,,,,,,,
M41,M50,M36,M27,M89,M63,,,,,,,,,,,,,,,